title,slug,pageImages,watchLinks,pageMedia,seededImageCount,fallbackApplied,externalSources,reviewsWithHref,localFolderAssets,usedLocalFolderAssets,usedOutsideFolderAssets,unwiredLocalAssets,unwiredLocalFiles
"Losing It","losing-it","1","0","1","1","false","2","0","0","0","1","0",""
"Pravda","pravda","1","0","1","1","false","4","0","0","0","1","0",""
"Terra Nova","terra-nova","1","0","1","1","false","4","0","0","0","1","0",""
"Wings","wings","5","0","5","5","false","11","5","0","0","5","0",""
"Finishing the Picture","finishing-the-picture","1","0","1","1","false","5","3","1","1","0","0",""
"House and Garden","house-and-garden","1","0","1","1","false","6","3","1","0","1","1","house-and-garden-show-art.png"
"Hughie","hughie","1","0","1","1","false","4","3","1","1","0","0",""
"Long Day’s Journey into Night","long-days-journey-into-night","1","0","1","1","false","5","1","1","1","0","0",""
"Talk Radio","talk-radio","1","0","1","1","false","5","1","1","1","0","0",""
"The Guys","the-guys","1","0","1","1","false","4","0","1","1","0","0",""
"The Night of the Iguana","the-night-of-the-iguana","1","0","1","1","false","4","0","1","1","0","0",""
"The Rose Tattoo","the-rose-tattoo","1","0","1","1","false","4","0","1","1","0","0",""
"The Speed of Darkness","the-speed-of-darkness","1","0","1","1","false","3","0","1","1","0","0",""
"The Young Man from Atlanta","the-young-man-from-atlanta","1","0","1","1","false","4","0","1","1","0","0",""
"A Sorrow Beyond Dreams","a-sorrow-beyond-dreams","1","0","1","0","true","0","0","0","0","1","0",""
"A Streetcar Named Desire","a-streetcar-named-desire","1","0","1","0","true","0","0","0","0","1","0",""
"A Touch of the Poet","a-touch-of-the-poet","1","0","1","0","true","0","0","0","0","1","0",""
"Bagtime","bagtime","1","0","1","0","true","0","0","0","0","1","0",""
"Bent","bent","1","0","1","0","true","0","0","0","0","1","0",""
"Book of the Night","book-of-the-night","1","0","1","0","true","0","0","0","0","1","0",""
"Careless Love","careless-love","1","0","1","0","true","0","0","0","0","1","0",""
"Curse of the Starving Class","curse-of-the-starving-class","1","0","1","0","true","0","0","0","0","1","0",""
"Fits and Starts","fits-and-starts","1","0","1","0","true","0","0","0","0","1","0",""
"Galileo","galileo","1","0","1","0","true","0","0","0","0","1","0",""
"Getting Out","getting-out","1","0","1","0","true","0","0","0","0","1","0",""
"Griller","griller","1","0","1","0","true","0","0","0","0","1","0",""
"Hamlet","hamlet","1","0","1","0","true","0","0","0","0","1","0",""
"Happy End","happy-end","1","0","1","0","true","0","0","0","0","1","0",""
"In the Belly of the Beast","in-the-belly-of-the-beast","1","0","1","0","true","0","0","0","0","1","0",""
"Ladyhouse Blues","ladyhouse-blues","1","0","1","0","true","0","0","0","0","1","0",""
"Landscape of the Body","landscape-of-the-body","1","0","1","0","true","0","0","0","0","1","0",""
"Life and Limb","life-and-limb","1","0","1","0","true","0","0","0","0","1","0",""
"Moonchildren","moonchildren","1","0","1","0","true","0","0","0","0","1","0",""
"Mother Courage and Her Children","mother-courage-and-her-children","1","0","1","0","true","0","0","0","0","1","0",""
"Of Mice and Men","of-mice-and-men","1","0","1","0","true","0","0","0","0","1","0",""
"On the Open Road","on-the-open-road","1","0","1","0","true","0","0","0","0","1","0",""
"Orchards","orchards","1","0","1","0","true","0","0","0","0","1","0",""
"Othello","othello","1","0","1","0","true","0","0","0","0","1","0",""
"Pal Joey","pal-joey","1","0","1","0","true","0","0","0","0","1","0",""
"Riverview","riverview","1","0","1","0","true","0","0","0","0","1","0",""
"Road","road","1","0","1","0","true","0","0","0","0","1","0",""
"Sister Mary Ignatius / The Actor’s Nightmare","sister-mary-ignatius-the-actors-nightmare","1","0","1","0","true","0","0","0","0","1","0",""
"Standing on My Knees","standing-on-my-knees","1","0","1","0","true","0","0","0","0","1","0",""
"subUrbia","suburbia","1","0","1","0","true","0","0","0","0","1","0",""
"Susannah","susannah","1","0","1","0","true","0","0","0","0","1","0",""
"Tartuffe","tartuffe","1","0","1","0","true","0","0","0","0","1","0",""
"The Consul","the-consul","1","0","1","0","true","0","0","0","0","1","0",""
"The Food Chain","the-food-chain","1","0","1","0","true","0","0","0","0","1","0",""
"The Idiots Karamazov","the-idiots-karamazov","1","0","1","0","true","0","0","0","0","1","0",""
"The Importance of Being Earnest and Travesties","the-importance-of-being-earnest-and-travesties","1","0","1","0","true","0","0","0","0","1","0",""
"The Misanthrope","the-misanthrope","1","0","1","0","true","0","0","0","0","1","0",""
"The Runner Stumbles","the-runner-stumbles","1","0","1","0","true","0","0","0","0","1","0",""
"The Tempest","the-tempest","1","0","1","0","true","0","0","0","0","1","0",""
"The Wax Museum","the-wax-museum","1","0","1","0","true","0","0","0","0","1","0",""
"Three Sisters","three-sisters","1","0","1","0","true","0","0","0","0","1","0",""
"We Won’t Pay, We Won’t Pay","we-wont-pay-we-wont-pay","1","0","1","0","true","0","0","0","0","1","0",""
"Yentl","yentl","1","0","1","0","true","3","0","0","0","1","0",""
"An Enemy of the People","an-enemy-of-the-people","1","1","2","1","false","4","1","1","1","0","0",""
"Blue Surge","blue-surge","2","0","2","2","false","3","0","1","1","1","0",""
"The Sound Inside","the-sound-inside","2","0","2","2","false","3","3","1","0","2","1","the-sound-inside-art.jpg"
"Dollhouse","dollhouse","2","0","2","2","false","4","3","2","2","0","0",""
"Aida","aida","4","0","4","4","false","4","0","3","3","1","0",""
"Swing State","swing-state","4","0","4","4","false","3","4","3","3","1","0",""
"A Life in the Theatre","a-life-in-the-theatre","4","0","4","4","false","3","3","4","4","0","0",""
"Blind Date","blind-date","4","0","4","4","false","4","1","4","4","0","0",""
"The Cherry Orchard","the-cherry-orchard","5","0","5","5","false","4","4","0","0","5","0",""
"Death of a Salesman","death-of-a-salesman","5","0","5","5","false","7","5","1","1","4","0",""
"Shining City","shining-city","5","0","5","5","false","8","6","5","5","0","0",""
"The Jacksonian","the-jacksonian","5","0","5","5","false","12","8","5","5","0","0",""
"Lobby Hero","lobby-hero","7","0","7","7","false","10","5","2","0","7","2","lobby-hero-show-art.png; lobby-hero-title-treatment.png"
"Molly Sweeney","molly-sweeney","6","1","7","6","false","8","7","6","6","0","0",""
"The Winter’s Tale","the-winters-tale","6","1","7","6","false","8","6","6","6","0","0",""
"Frank’s Home","franks-home","7","0","7","7","false","6","7","7","7","0","0",""
"2666","2666","7","1","8","7","false","6","6","6","6","1","0",""
"Amadeus","amadeus","7","2","9","7","false","8","7","4","4","4","0",""
"Desire Under the Elms","desire-under-the-elms","6","3","9","6","false","10","8","6","6","0","0",""
"Soups, Stews, and Casseroles: 1976","soups-stews-and-casseroles-1976","8","1","9","8","false","13","10","8","8","0","0",""
"The Goat, or Who Is Sylvia?","the-goat-or-who-is-sylvia","10","0","10","10","false","10","5","1","0","10","1","the-goat-or-who-is-sylvia-show-art.png"
"Uncle Vanya","uncle-vanya","9","1","10","9","false","13","10","9","9","0","0",""
"Holiday","holiday","7","4","11","7","false","5","5","2","2","5","0",""
"Pamplona","pamplona","9","2","11","9","false","14","8","9","9","0","0",""
"The Iceman Cometh","the-iceman-cometh","10","1","11","10","false","15","8","10","10","0","0",""
"American Buffalo","american-buffalo","11","0","11","11","false","12","9","11","11","0","0",""
"The Seagull","the-seagull","10","1","11","10","false","12","9","12","10","0","2","the-seagull-art.png; the-seagull-stage.png"
"Measure for Measure","measure-for-measure","10","2","12","10","false","12","9","10","10","0","0",""
"Don Giovanni","don-giovanni","11","2","13","11","false","9","7","9","9","2","0",""
"Luna Gale","luna-gale","11","2","13","11","false","11","10","11","11","0","0",""
"We’re Only Alive for a Short Amount of Time","were-only-alive-for-a-short-amount-of-time","12","1","13","12","false","9","9","12","12","0","0",""
"King Lear","king-lear","13","1","14","13","false","8","6","13","13","0","0",""
